nomeTecnologiaOrigem,grupo,popularidade,nomeTecnologiaDestino,peso
AZURE,2,14,.NET,22
SQL-SERVER,2,65,.NET,33
ASP.NET,2,130,.NET,6
ENTITY-FRAMEWORK,2,13,.NET,3
WPF,2,,.NET,4
LINQ,2,8,.NET,22
WCF,2,13,.NET,29
C#,2,321,.NET,63
CODEIGNITER,6,19,,
JQUERY,6,208,AJAX,6
MYSQL,6,165,AJAX,3
CSS,6,341,AJAX,28
PHP,6,361,AJAX,4
JAVASCRIPT,6,649,AJAX,3
JSON,6,25,AJAX,4
CLOUD,9,,AMAZON-WEB-SERVICES,3
AZURE,2,14,AMAZON-WEB-SERVICES,3
DEVOPS,9,10,AMAZON-WEB-SERVICES,3
DOCKER,9,23,AMAZON-WEB-SERVICES,33
ANDROID-STUDIO,,15,ANDROID,35
JAVA,8,,ANDROID,52
ANDROID,4,230,ANDROID-STUDIO,35
TYPESCRIPT,7,18,ANGULAR,4
TYPESCRIPT,7,18,ANGULAR2,5
ANGULARJS,6,127,ANGULAR2,27
IONIC-FRAMEWORK,6,8,ANGULARJS,31
REACTJS,3,59,,
MONGODB,3,51,ANGULARJS,33
CSS,6,341,,
SASS,6,31,,
TWITTER-BOOTSTRAP,6,31,ANGULARJS,25
JAVASCRIPT,6,649,ANGULARJS,5
NODE.JS,3,117,ANGULARJS,6
JQUERY,6,208,ANGULARJS,4
ASP.NET-WEB-API,2,11,ANGULARJS,3
ANGULAR2,7,19,ANGULARJS,27
NGINX,5,9,APACHE,50
MYSQL,6,165,APACHE,30
LINUX,5,109,APACHE,29
SCALA,10,27,APACHE-SPARK,6
HADOOP,10,18,APACHE-SPARK,7
REST,8,27,API,23
.NET,2,75,ASP.NET,6
SQL,2,154,ASP.NET,1
SQL-SERVER,2,65,ASP.NET,7
ASP.NET-WEB-API,2,,ASP.NET,6
JQUERY,6,208,ASP.NET,30
ENTITY-FRAMEWORK,,13,ASP.NET,1
MVC,2,11,ASP.NET,24
AZURE,2,14,ASP.NET,25
WPF,2,19,ASP.NET,4
LINQ,2,8,ASP.NET,33
WCF,2,,ASP.NET,42
VB.NET,2,24,ASP.NET,25
ASP.NET,2,130,ASP.NET-WEB-API,6
AZURE,2,14,ASP.NET-WEB-API,23
C#,2,321,ASP.NET-WEB-API,28
ANGULARJS,6,127,ASP.NET-WEB-API,3
SQL-SERVER,2,65,ASP.NET-WEB-API,4
WCF,2,13,ASP.NET-WEB-API,29
ENTITY-FRAMEWORK,2,13,ASP.NET-WEB-API,4
.NET,2,75,AZURE,22
C#,2,321,AZURE,3
ASP.NET-WEB-API,2,11,AZURE,23
AMAZON-WEB-SERVICES,9,30,AZURE,3
LINUX,5,109,BASH,5
SHELL,5,12,BASH,3
GIT,5,54,BASH,28
JQUERY,6,208,BOOTSTRAP,23
CSS,6,341,BOOTSTRAP,3
C++,1,268,C,9
PYTHON,1,439,C,23
JAVA,8,611,C,4
LINQ,2,8,C#,26
SQL,2,154,C#,27
ASP.NET,2,130,C#,2
ASP.NET-WEB-API,2,11,C#,28
ENTITY-FRAMEWORK,2,13,C#,32
VB.NET,2,24,,
.NET,2,75,C#,63
SQL-SERVER,2,65,C#,6
XAMARIN,2,11,C#,26
AZURE,2,14,C#,3
WPF,2,19,C#,5
UNITY3D,2,,C#,26
WCF,2,13,C#,30
VISUAL-STUDIO,2,18,C#,4
QT,1,11,C++,31
C,1,190,C++,9
JAVA,8,611,C++,24
AMAZON-WEB-SERVICES,9,30,CLOUD,3
MYSQL,6,165,CODEIGNITER,24
JQUERY,6,208,CODEIGNITER,28
LARAVEL,6,32,CODEIGNITER,33
PHP,6,361,CODEIGNITER,5
AJAX,6,35,CODEIGNITER,3
WORDPRESS,6,47,CODEIGNITER,4
AJAX,6,35,CSS,28
MYSQL,6,165,CSS,28
PHOTOSHOP,6,13,,
JQUERY,6,208,CSS,8
HTML,6,272,CSS,14
JAVASCRIPT,6,649,CSS,9
HTML5,6,140,CSS,10
BOOTSTRAP,6,13,CSS,3
TWITTER-BOOTSTRAP,,31,CSS,4
LESS,6,10,CSS,26
WORDPRESS,6,47,CSS,32
ANGULARJS,6,127,CSS,23
SASS,6,31,CSS,5
AMAZON-WEB-SERVICES,9,30,DEVOPS,3
DOCKER,9,23,DEVOPS,26
JENKINS,9,10,DEVOPS,25
PYTHON,1,439,DJANGO,51
FLASK,1,9,DJANGO,5
POSTGRESQL,3,39,DJANGO,3
AMAZON-WEB-SERVICES,9,30,DOCKER,33
GO,9,25,DOCKER,29
DEVOPS,9,,DOCKER,26
JENKINS,9,10,DOCKER,28
WORDPRESS,6,47,DRUPAL,26
REDIS,3,14,ELASTICSEARCH,30
MONGODB,3,51,ELASTICSEARCH,3
C,1,190,EMBEDDED,29
.NET,2,75,ENTITY-FRAMEWORK,3
WPF,2,19,ENTITY-FRAMEWORK,25
SQL-SERVER,2,65,ENTITY-FRAMEWORK,4
LINQ,2,,ENTITY-FRAMEWORK,6
WCF,,13,ENTITY-FRAMEWORK,4
ASP.NET-WEB-API,2,11,ENTITY-FRAMEWORK,4
C#,2,321,ENTITY-FRAMEWORK,32
EXCEL-VBA,14,11,EXCEL,6
VBA,14,17,,
EXCEL,14,13,EXCEL-VBA,6
REACTJS,3,59,EXPRESS,33
REDUX,3,9,EXPRESS,23
NODE.JS,3,117,EXPRESS,60
MONGODB,3,51,EXPRESS,6
PYTHON,1,439,FLASK,26
JENKINS,9,10,GIT,24
GITHUB,5,13,GIT,7
BASH,5,24,GIT,28
LINUX,5,109,GIT,4
GIT,5,54,GITHUB,7
DOCKER,9,23,GO,29
SCALA,10,27,HADOOP,3
APACHE-SPARK,10,,HADOOP,7
SCALA,10,27,HASKELL,24
JSP,8,14,HIBERNATE,40
JAVA,8,611,HIBERNATE,4
SPRING-BOOT,8,12,,
MAVEN,8,10,HIBERNATE,35
REST,8,27,HIBERNATE,23
WEB-SERVICES,8,19,HIBERNATE,22
SPRING-MVC,8,18,HIBERNATE,65
JAVA-EE,8,22,HIBERNATE,5
SPRING,8,53,,
MYSQL,6,165,HTML,3
JAVASCRIPT,6,,HTML,7
PHP,6,361,HTML,6
CSS,6,341,HTML,14
SASS,6,31,HTML,25
JQUERY,6,208,HTML,5
PHP,,361,HTML5,33
WORDPRESS,6,47,HTML5,23
ANGULARJS,6,127,HTML5,24
LESS,,10,HTML5,3
TWITTER-BOOTSTRAP-3,6,10,HTML5,23
JQUERY,6,208,HTML5,6
CSS,6,341,HTML5,10
TWITTER-BOOTSTRAP,6,31,HTML5,27
SASS,6,31,HTML5,33
ANGULARJS,6,127,IONIC-FRAMEWORK,31
ANDROID,4,,IOS,5
SWIFT,4,64,IOS,10
OSX,4,13,IOS,31
OBJECTIVE-C,4,47,IOS,9
IPHONE,4,15,IOS,7
XCODE,4,11,IOS,6
SWIFT,4,64,IPHONE,5
XCODE,4,11,IPHONE,4
IOS,4,87,IPHONE,7
OBJECTIVE-C,4,47,IPHONE,6
C++,1,268,JAVA,24
JSP,8,14,JAVA,23
JAVA-EE,8,22,JAVA,26
ANDROID,4,230,JAVA,52
HIBERNATE,8,30,JAVA,4
C,1,190,JAVA,4
SPRING-MVC,8,18,JAVA,26
SPRING,8,53,,
HIBERNATE,8,30,JAVA-EE,5
SPRING-MVC,8,,JAVA-EE,29
JAVA,8,611,JAVA-EE,26
JQUERY,6,208,JAVASCRIPT,7
TWITTER-BOOTSTRAP,6,,JAVASCRIPT,21
NODE.JS,3,117,JAVASCRIPT,5
MYSQL,6,165,,
ANGULARJS,6,,JAVASCRIPT,5
PHP,6,361,JAVASCRIPT,1
AJAX,6,35,JAVASCRIPT,3
REACTJS,3,59,JAVASCRIPT,4
CSS,6,341,JAVASCRIPT,9
SASS,6,31,JAVASCRIPT,25
HTML5,6,140,JAVASCRIPT,6
GIT,5,54,JENKINS,24
DEVOPS,9,10,JENKINS,25
DOCKER,9,23,JENKINS,28
JSON,6,25,JQUERY,3
HTML,6,272,JQUERY,5
WORDPRESS,6,47,JQUERY,4
SASS,6,31,JQUERY,3
PHP,6,,JQUERY,48
CSS,6,341,JQUERY,8
HTML5,6,140,JQUERY,6
AJAX,6,35,JQUERY,6
TWITTER-BOOTSTRAP,,31,JQUERY,5
MYSQL,6,165,JQUERY,5
ANGULARJS,6,127,JQUERY,4
TWITTER-BOOTSTRAP-3,6,10,JQUERY,22
JAVASCRIPT,6,649,JQUERY,7
CODEIGNITER,6,19,JQUERY,28
BOOTSTRAP,6,13,JQUERY,23
JQUERY,6,208,JSON,3
XML,6,24,JSON,44
AJAX,,35,JSON,4
HIBERNATE,8,30,JSP,40
JAVA,8,611,JSP,23
SPRING-MVC,8,,JSP,3
SPRING,8,53,JSP,4
VUE.JS,6,8,LARAVEL,4
PHP,6,361,LARAVEL,6
MYSQL,6,165,LARAVEL,3
CODEIGNITER,6,19,LARAVEL,33
SASS,6,31,LESS,62
CSS,6,341,LESS,26
HTML5,,140,LESS,3
WCF,2,13,LINQ,4
SQL-SERVER,2,65,LINQ,21
ASP.NET,2,130,LINQ,33
ENTITY-FRAMEWORK,,13,LINQ,6
.NET,2,75,LINQ,22
WPF,2,19,LINQ,27
BASH,5,24,LINUX,5
GIT,5,54,LINUX,4
OSX,4,13,LINUX,3
UBUNTU,5,12,LINUX,31
SHELL,5,12,,
NGINX,5,9,LINUX,22
WINDOWS,5,20,LINUX,31
PYTHON,1,439,LINUX,3
APACHE,5,13,,
PYTHON,1,439,MACHINE-LEARNING,4
R,1,53,MACHINE-LEARNING,3
R,1,53,MATLAB,21
SPRING-MVC,8,18,MAVEN,26
JENKINS,9,10,,
SPRING,8,53,MAVEN,5
HIBERNATE,8,30,MAVEN,35
EXPRESS,3,14,MONGODB,6
NODE.JS,3,117,MONGODB,7
REACTJS,3,59,MONGODB,1
POSTGRESQL,3,39,,
MYSQL,6,,MONGODB,4
REDIS,3,14,MONGODB,35
ELASTICSEARCH,3,11,,
ANGULARJS,6,127,MONGODB,33
ASP.NET,2,,MVC,24
JQUERY,6,,MYSQL,5
MONGODB,3,51,MYSQL,4
LARAVEL,6,32,MYSQL,3
PHP,6,361,MYSQL,8
POSTGRESQL,3,39,MYSQL,27
JAVASCRIPT,6,649,,
HTML,6,,MYSQL,3
APACHE,5,13,MYSQL,30
CODEIGNITER,6,19,MYSQL,24
LINUX,5,109,NGINX,22
REDIS,3,14,NGINX,28
APACHE,5,13,NGINX,50
REACTJS,3,59,NODE.JS,56
EXPRESS,3,14,NODE.JS,60
ANGULARJS,6,127,NODE.JS,6
REACT-NATIVE,3,,NODE.JS,3
REDUX,3,9,NODE.JS,3
XCODE,4,11,OBJECTIVE-C,5
SWIFT,4,64,OBJECTIVE-C,9
IOS,4,87,,
OSX,4,13,OBJECTIVE-C,26
SQL,2,154,ORACLE,3
PLSQL,2,10,ORACLE,6
WINDOWS,5,20,OSX,22
OBJECTIVE-C,4,47,OSX,26
IOS,4,87,OSX,31
LINUX,5,109,OSX,3
REGEX,13,9,PERL,22
CSS,6,341,PHP,52
LARAVEL,6,32,PHP,6
WORDPRESS,6,47,PHP,5
JQUERY,6,208,PHP,48
JAVASCRIPT,6,649,PHP,1
AJAX,6,35,PHP,4
HTML,6,272,PHP,6
MYSQL,6,165,PHP,8
HTML5,6,140,PHP,33
CODEIGNITER,6,19,PHP,5
ORACLE,2,30,PLSQL,6
SQL,2,154,PLSQL,24
REDIS,3,14,POSTGRESQL,4
RUBY-ON-RAILS,3,55,POSTGRESQL,4
MONGODB,3,51,POSTGRESQL,24
DJANGO,1,41,POSTGRESQL,3
RUBY,3,70,POSTGRESQL,3
WINDOWS,5,20,POWERSHELL,3
FLASK,1,9,PYTHON,26
C++,1,268,PYTHON,25
DJANGO,1,41,PYTHON,51
C,1,190,PYTHON,23
R,1,53,PYTHON,4
LINUX,5,109,PYTHON,3
C++,1,268,QT,31
PYTHON,,439,R,4
MATLAB,1,27,R,21
MACHINE-LEARNING,1,44,R,3
REACTJS,3,59,REACT-NATIVE,7
REDUX,3,9,,
NODE.JS,3,117,REACTJS,56
SASS,6,31,REACTJS,1
REACT-NATIVE,3,14,REACTJS,7
REDUX,3,9,,
ANGULARJS,6,127,REACTJS,4
MONGODB,3,51,REACTJS,1
EXPRESS,3,14,REACTJS,33
JAVASCRIPT,6,649,REACTJS,4
MONGODB,3,51,REDIS,35
NGINX,5,9,REDIS,28
ELASTICSEARCH,3,11,REDIS,30
POSTGRESQL,3,39,REDIS,4
REACTJS,3,,REDUX,8
NODE.JS,,117,REDUX,3
REACT-NATIVE,3,14,REDUX,26
PERL,13,19,REGEX,22
SPRING,8,53,REST,4
WEB-SERVICES,8,19,REST,4
API,8,9,REST,23
HIBERNATE,8,30,REST,23
JSON,6,25,REST,26
POSTGRESQL,3,39,RUBY,3
RUBY-ON-RAILS,,55,RUBY,11
POSTGRESQL,3,39,,
RUBY,3,70,RUBY-ON-RAILS,11
JQUERY,6,208,SASS,3
REACTJS,3,,SASS,1
HTML,6,272,SASS,25
HTML5,6,140,SASS,33
ANGULARJS,6,127,SASS,21
CSS,6,,SASS,5
TWITTER-BOOTSTRAP,6,31,SASS,3
HASKELL,10,11,SCALA,24
APACHE-SPARK,10,11,SCALA,6
TESTING,,,SELENIUM,35
BASH,5,24,SHELL,3
LINUX,5,109,SHELL,22
WEB-SERVICES,8,19,SPRING,3
SPRING-MVC,8,18,SPRING,64
REST,8,27,SPRING,4
SPRING-BOOT,8,12,SPRING,7
MAVEN,8,10,SPRING,5
HIBERNATE,8,30,SPRING,11
JSP,8,14,SPRING,4
JAVA,,,SPRING,45
SPRING,8,53,SPRING-BOOT,7
HIBERNATE,8,,SPRING-BOOT,31
SPRING-MVC,8,18,SPRING-BOOT,7
MAVEN,8,10,SPRING-MVC,26
JAVA-EE,8,,SPRING-MVC,29
SPRING,8,53,SPRING-MVC,64
HIBERNATE,8,30,SPRING-MVC,65
JAVA,8,611,SPRING-MVC,26
PLSQL,2,10,SQL,24
SQL-SERVER,2,65,SQL,25
C#,,321,SQL,27
ORACLE,2,30,SQL,3
ASP.NET,2,130,SQL,1
ASP.NET-WEB-API,2,11,SQL-SERVER,4
WCF,2,13,SQL-SERVER,4
.NET,2,75,SQL-SERVER,33
ENTITY-FRAMEWORK,2,13,SQL-SERVER,4
ASP.NET,,130,,
LINQ,2,8,SQL-SERVER,21
C#,2,321,SQL-SERVER,6
XCODE,4,,SWIFT,6
IPHONE,4,15,SWIFT,5
OBJECTIVE-C,4,47,SWIFT,9
IOS,4,87,SWIFT,10
AGILE,12,12,TDD,38
SELENIUM,11,13,TESTING,35
ANGULARJS,6,127,TWITTER-BOOTSTRAP,25
HTML5,6,140,TWITTER-BOOTSTRAP,27
SASS,6,31,,
JAVASCRIPT,6,649,TWITTER-BOOTSTRAP,21
JQUERY,6,208,TWITTER-BOOTSTRAP-3,22
HTML5,6,140,TWITTER-BOOTSTRAP-3,23
ANGULAR,7,29,TYPESCRIPT,4
LINUX,5,109,UBUNTU,31
C#,2,321,UNITY3D,26
LINUX,5,109,UNIX,26
ASP.NET,,130,VB.NET,25
EXCEL-VBA,,11,VBA,6
EXCEL,14,13,VBA,6
C#,2,321,VISUAL-STUDIO,4
LARAVEL,6,32,VUE.JS,4
.NET,2,75,WCF,29
ENTITY-FRAMEWORK,2,13,WCF,4
C#,2,321,WCF,30
SQL-SERVER,2,65,WCF,4
WPF,2,19,WCF,6
ASP.NET,2,130,WCF,42
ASP.NET-WEB-API,2,11,WCF,29
REST,8,27,WEB-SERVICES,4
HIBERNATE,8,30,WEB-SERVICES,22
SPRING,8,53,WEB-SERVICES,3
POWERSHELL,5,10,,
OSX,4,13,,
HTML5,6,140,WORDPRESS,23
CSS,6,341,WORDPRESS,32
CODEIGNITER,6,19,WORDPRESS,4
DRUPAL,6,8,WORDPRESS,26
JQUERY,,208,WORDPRESS,4
LINQ,2,8,WPF,27
WCF,2,13,WPF,6
ENTITY-FRAMEWORK,2,13,WPF,25
C#,2,321,WPF,5
.NET,2,75,WPF,4
C#,2,,XAMARIN,26
OBJECTIVE-C,4,47,XCODE,5
SWIFT,4,64,XCODE,6
IPHONE,4,15,XCODE,4
IOS,4,87,XCODE,6